epoch,accuracy,loss,val_accuracy,val_loss,learning_rate
1,0.831383228302002,0.348911315202713,0.1111111119389534,2.6124966144561768,0.0010000000474974513
2,0.9153061509132385,0.18223845958709717,0.3959788382053375,1.7185781002044678,0.0010000000474974513
3,0.9263492226600647,0.15625424683094025,0.8199999928474426,0.5302145481109619,0.0010000000474974513
4,0.9346712231636047,0.13648684322834015,0.9364021420478821,0.16633445024490356,0.0010000000474974513
5,0.9394104480743408,0.1257268786430359,0.9443386197090149,0.14994417130947113,0.0010000000474974513
6,0.9432879686355591,0.11731259524822235,0.9415873289108276,0.1562536209821701,0.0010000000474974513
7,0.9511111378669739,0.10068194568157196,0.9398941993713379,0.15630444884300232,0.0005000000237487257
