display_name,Outerwear,Shirts,Pants,Low-top shoes,Accessories
Variantas 2,0.8895238095238095,0.8876190476190476,0.979047619047619,0.9971428571428571,0.9742857142857143
Variantas 7,0.9066666666666666,0.8766666666666667,0.9780952380952381,0.9980952380952381,0.9723809523809523
Variantas 8,0.9485714285714286,0.8757142857142857,0.9771428571428571,0.9990476190476191,0.9866666666666667
Mano architektura,0.9177777777777778,0.9171428571428571,0.9876190476190476,0.9990476190476191,0.9542857142857143
