{
  "Outerwear": {
    "precision": 0.9227883713660519,
    "recall": 0.9371428571428572,
    "f1-score": 0.9299102220822176,
    "support": 3150.0
  },
  "Shirts": {
    "precision": 0.9119840875186475,
    "recall": 0.8733333333333333,
    "f1-score": 0.8922403308197518,
    "support": 2100.0
  },
  "Pants": {
    "precision": 0.9922555663117134,
    "recall": 0.9761904761904762,
    "f1-score": 0.9841574651944311,
    "support": 1050.0
  },
  "Low-top shoes": {
    "precision": 0.997148288973384,
    "recall": 0.9990476190476191,
    "f1-score": 0.9980970504281637,
    "support": 2100.0
  },
  "Accessories": {
    "precision": 0.9401631912964642,
    "recall": 0.9876190476190476,
    "f1-score": 0.9633070134695774,
    "support": 1050.0
  },
  "accuracy": 0.9466666666666667,
  "macro avg": {
    "precision": 0.9528679010932521,
    "recall": 0.9546666666666667,
    "f1-score": 0.9535424163988282,
    "support": 9450.0
  },
  "weighted avg": {
    "precision": 0.9465609582989328,
    "recall": 0.9466666666666667,
    "f1-score": 0.9464299897118325,
    "support": 9450.0
  }
}