{
  "Outerwear": {
    "precision": 0.9383317104836092,
    "recall": 0.9177777777777778,
    "f1-score": 0.9279409404589953,
    "support": 3150.0
  },
  "Shirts": {
    "precision": 0.8766499772416932,
    "recall": 0.9171428571428571,
    "f1-score": 0.8964393763090528,
    "support": 2100.0
  },
  "Pants": {
    "precision": 0.9810785241248817,
    "recall": 0.9876190476190476,
    "f1-score": 0.9843379212149976,
    "support": 1050.0
  },
  "Low-top shoes": {
    "precision": 0.9966745843230403,
    "recall": 0.9990476190476191,
    "f1-score": 0.9978596908442331,
    "support": 2100.0
  },
  "Accessories": {
    "precision": 0.9920792079207921,
    "recall": 0.9542857142857143,
    "f1-score": 0.9728155339805825,
    "support": 1050.0
  },
  "accuracy": 0.9475132275132275,
  "macro avg": {
    "precision": 0.9569628008188034,
    "recall": 0.9551746031746031,
    "f1-score": 0.9558786925615722,
    "support": 9450.0
  },
  "weighted avg": {
    "precision": 0.9483113318473297,
    "recall": 0.9475132275132275,
    "f1-score": 0.9477304900976821,
    "support": 9450.0
  }
}