{
  "Outerwear": {
    "precision": 0.9196675900277008,
    "recall": 0.9485714285714286,
    "f1-score": 0.9338959212376934,
    "support": 3150.0
  },
  "Shirts": {
    "precision": 0.9190404797601199,
    "recall": 0.8757142857142857,
    "f1-score": 0.8968544257498171,
    "support": 2100.0
  },
  "Pants": {
    "precision": 0.9932236205227493,
    "recall": 0.9771428571428571,
    "f1-score": 0.985117618819011,
    "support": 1050.0
  },
  "Low-top shoes": {
    "precision": 0.9990476190476191,
    "recall": 0.9990476190476191,
    "f1-score": 0.9990476190476191,
    "support": 2100.0
  },
  "Accessories": {
    "precision": 0.9709465791940018,
    "recall": 0.9866666666666667,
    "f1-score": 0.9787435049598489,
    "support": 1050.0
  },
  "accuracy": 0.951005291005291,
  "macro avg": {
    "precision": 0.9603851777104382,
    "recall": 0.9574285714285715,
    "f1-score": 0.9587318179627978,
    "support": 9450.0
  },
  "weighted avg": {
    "precision": 0.9510387963794812,
    "recall": 0.951005291005291,
    "f1-score": 0.9508169974540902,
    "support": 9450.0
  }
}