{
  "Outerwear": {
    "precision": 0.922621007573263,
    "recall": 0.8895238095238095,
    "f1-score": 0.9057701632455147,
    "support": 3150.0
  },
  "Shirts": {
    "precision": 0.8445854100589035,
    "recall": 0.8876190476190476,
    "f1-score": 0.8655676805200836,
    "support": 2100.0
  },
  "Pants": {
    "precision": 0.9846743295019157,
    "recall": 0.979047619047619,
    "f1-score": 0.9818529130850048,
    "support": 1050.0
  },
  "Low-top shoes": {
    "precision": 0.9961941008563273,
    "recall": 0.9971428571428571,
    "f1-score": 0.9966682532127559,
    "support": 2100.0
  },
  "Accessories": {
    "precision": 0.9650943396226415,
    "recall": 0.9742857142857143,
    "f1-score": 0.9696682464454977,
    "support": 1050.0
  },
  "accuracy": 0.9323809523809524,
  "macro avg": {
    "precision": 0.9426338375226102,
    "recall": 0.9455238095238094,
    "f1-score": 0.9439054513017713,
    "support": 9450.0
  },
  "weighted avg": {
    "precision": 0.933243412630534,
    "recall": 0.9323809523809524,
    "f1-score": 0.9325892796369696,
    "support": 9450.0
  }
}