{
  "Outerwear": {
    "precision": 0.915678101955755,
    "recall": 0.9066666666666666,
    "f1-score": 0.9111501036847982,
    "support": 3150.0
  },
  "Shirts": {
    "precision": 0.8602803738317757,
    "recall": 0.8766666666666667,
    "f1-score": 0.8683962264150943,
    "support": 2100.0
  },
  "Pants": {
    "precision": 0.9903567984570878,
    "recall": 0.9780952380952381,
    "f1-score": 0.9841878294202204,
    "support": 1050.0
  },
  "Low-top shoes": {
    "precision": 0.9971455756422455,
    "recall": 0.9980952380952381,
    "f1-score": 0.9976201808662541,
    "support": 2100.0
  },
  "Accessories": {
    "precision": 0.970532319391635,
    "recall": 0.9723809523809523,
    "f1-score": 0.9714557564224549,
    "support": 1050.0
  },
  "accuracy": 0.9355555555555556,
  "macro avg": {
    "precision": 0.9467986338557,
    "recall": 0.9463809523809523,
    "f1-score": 0.9465620193617644,
    "support": 9450.0
  },
  "weighted avg": {
    "precision": 0.9358639247404478,
    "recall": 0.9355555555555556,
    "f1-score": 0.9356807457177518,
    "support": 9450.0
  }
}